name,shape,rate,mean,sd
Incubation Time,3.66418327178008,1.18713652592664,3.08657276712122,1.61245619903936
Serial Tnterval,2.75411786252067,0.871103386959546,3.1616429275215,1.90511658873861
Transmission Generation,3.17477239866418,0.891164586053427,3.56249838508938,1.99939397097427
Generation Time (max),3.4371683508719,0.865851392326328,3.96969778109045,2.14119905208767
Generation Time (min),0.179173856009534,0.58740149564129,0.305027919300619,0.720613297886935
