"","name","median","Q1","Q3"
"1","TAR",0.99451074670487,0.993378074549565,0.995521471889686
"2","Duration",117,101,140.25
"3","Peak",31,26,36
"4","PAR",690589.5,585665.75,813021.25
